Id.Problem Name,LC-URL, Difficulty
217. Contains Duplicate, https://leetcode.com/problems/contains-duplicate, Easy
242. Valid Anagram, https://leetcode.com/problems/valid-anagram, Easy
1. Two Sum, https://leetcode.com/problems/two-sum, Easy
49. Group Anagrams, https://leetcode.com/problems/group-anagrams, Medium
347. Top K Frequent Elements, https://leetcode.com/problems/top-k-frequent-elements, Medium
692. Top K Frequent Words, https://leetcode.com/problems/top-k-frequent-words, Medium
36. Valid Sudoku, https://leetcode.com/problems/valid-sudoku, Medium
238. Product of Array Except Self, https://leetcode.com/problems/product-of-array-except-self, Medium
128. Longest Consecutive Sequence, https://leetcode.com/problems/longest-consecutive-sequence, Medium
125. Valid Palindrome, https://leetcode.com/problems/valid-palindrome, Easy
680. Valid Palindrome II, https://leetcode.com/problems/valid-palindrome-ii, easy
167. Two Sum II - Input Array Is Sorted, https://leetcode.com/problems/two-sum-ii-input-array-is-sorted, Medium
15. 3Sum, https://leetcode.com/problems/3sum, Medium
11. Container With Most Water, https://leetcode.com/problems/container-with-most-water, Medium
121. Best Time to Buy and Sell Stock, https://leetcode.com/problems/best-time-to-buy-and-sell-stock, Easy
3. Longest Substring Without Repeating Characters, https://leetcode.com/problems/longest-substring-without-repeating-characters, Medium
424. Longest Repeating Character Replacement, https://leetcode.com/problems/longest-repeating-character-replacement, Medium
20. Valid Parentheses, https://leetcode.com/problems/valid-parentheses, Easy
155. Min Stack, https://leetcode.com/problems/min-stack, Medium
739. Daily Temperatures, https://leetcode.com/problems/daily-temperatures, Medium
704. Binary Search, https://leetcode.com/problems/binary-search, Easy
153. Find Minimum in Rotated Sorted Array, https://leetcode.com/problems/find-minimum-in-rotated-sorted-array, Medium
33. Search in Rotated Sorted Array, https://leetcode.com/problems/search-in-rotated-sorted-array, Medium
206. Reverse Linked List, https://leetcode.com/problems/reverse-linked-list, Easy
21. Merge Two Sorted Lists, https://leetcode.com/problems/merge-two-sorted-lists, Easy
143. Reorder List, https://leetcode.com/problems/reorder-list, Medium
19. Remove Nth Node From End of List, https://leetcode.com/problems/remove-nth-node-from-end-of-list, Medium
141. Linked List Cycle, https://leetcode.com/problems/linked-list-cycle, Easy
146. LRU Cache, https://leetcode.com/problems/lru-cache, Medium
226. Invert Binary Tree, https://leetcode.com/problems/invert-binary-tree, Easy
104. Maximum Depth of Binary Tree, https://leetcode.com/problems/maximum-depth-of-binary-tree, Easy
543. Diameter of Binary Tree, https://leetcode.com/problems/diameter-of-binary-tree, Easy
110. Balanced Binary Tree, https://leetcode.com/problems/balanced-binary-tree, Easy
100. Same Tree, https://leetcode.com/problems/same-tree, Easy
572. Subtree of Another Tree, https://leetcode.com/problems/subtree-of-another-tree, Easy
235. Lowest Common Ancestor of a Binary Search Tree, https://leetcode.com/problems/lowest-common-ancestor-of-a-binary-search-tree, Medium
102. Binary Tree Level Order Traversal, https://leetcode.com/problems/binary-tree-level-order-traversal, Medium
199. Binary Tree Right Side View, https://leetcode.com/problems/binary-tree-right-side-view, Medium
1448. Count Good Nodes in Binary Tree, https://leetcode.com/problems/count-good-nodes-in-binary-tree, Medium
98. Validate Binary Search Tree, https://leetcode.com/problems/validate-binary-search-tree, Medium
230. Kth Smallest Element in a BST, https://leetcode.com/problems/kth-smallest-element-in-a-bst, Medium
703. Kth Largest Element in a Stream, https://leetcode.com/problems/kth-largest-element-in-a-stream, Easy
1046. Last Stone Weight, https://leetcode.com/problems/last-stone-weight, Easy
215. Kth Largest Element in an Array, https://leetcode.com/problems/kth-largest-element-in-an-array, Medium

